{
  "n": 3571,
  "kind": {
    "conversation": {
      "count": 3571,
      "pct": 100.0
    }
  },
  "role": {
    "system": {
      "count": 3563,
      "pct": 99.77597311677401
    },
    "user": {
      "count": 8,
      "pct": 0.22402688322598713
    }
  },
  "model": {
    "gpt-4o": {
      "count": 1417,
      "pct": 39.68076169140297
    },
    "gpt-5": {
      "count": 953,
      "pct": 26.687202464295716
    },
    "gpt-4-1-mini": {
      "count": 346,
      "pct": 9.689162699523942
    },
    "gpt-5-mini": {
      "count": 145,
      "pct": 4.060487258471016
    },
    "gpt-4-5": {
      "count": 126,
      "pct": 3.5284234108092973
    },
    "gpt-5-1": {
      "count": 124,
      "pct": 3.4724166900028
    },
    "gpt-4o-mini": {
      "count": 112,
      "pct": 3.1363763651638195
    },
    "gpt-5-1-thinking": {
      "count": 110,
      "pct": 3.0803696443573227
    },
    "gpt-5-2": {
      "count": 65,
      "pct": 1.8202184262111454
    },
    "gpt-4-1": {
      "count": 61,
      "pct": 1.7082049845981517
    },
    "gpt-5-thinking": {
      "count": 33,
      "pct": 0.9241108933071969
    },
    "gpt-5-2-thinking": {
      "count": 19,
      "pct": 0.5320638476617194
    },
    "research": {
      "count": 12,
      "pct": 0.33604032483898066
    },
    "o3": {
      "count": 12,
      "pct": 0.33604032483898066
    },
    "agent-mode": {
      "count": 10,
      "pct": 0.2800336040324839
    },
    "auto": {
      "count": 5,
      "pct": 0.14001680201624195
    },
    "o4-mini": {
      "count": 5,
      "pct": 0.14001680201624195
    },
    "o1": {
      "count": 5,
      "pct": 0.14001680201624195
    },
    "gpt-5-t-mini": {
      "count": 4,
      "pct": 0.11201344161299356
    },
    "gpt-5-instant": {
      "count": 3,
      "pct": 0.08401008120974517
    }
  },
  "sizes": {
    "mean": 319548.1495379445,
    "std": 876630.7722116442,
    "p50": 91117,
    "p90": 770559,
    "p99": 3035062.200000004,
    "threshold_mean_plus_2sigma": 2072809.693961233
  },
  "regression_size_vs_create_time": {
    "n": 3571,
    "b": 0.004764513768046321,
    "a": -8035275.956674396,
    "r2": 0.0016359558571198418
  },
  "abc_titles_total_mass": 1141106442,
  "hotspots_count": 91
}